symbol,itm_call,open_interest_call,imp_vol_call,volume_call,change_call,percent_change_call,last_price_call,bid_call,ask_call,strike,expire_date,bid_put,ask_put,last_price_put,change_put,percent_change_put,volume_put,open_interest_put,imp_vol_put,itm_put,contract_size_call,contract_symbol_call,last_trade_date_call,currency_call,contract_size_put,contract_symbol_put,last_trade_date_put,currency_put
DOCU,Y,1,3.1464865087890628,1.0,0.0,0.0,19.03,18.95,21.45,54.0,2024-11-08,0.0,0.63,0.05,0.0,0.0,6.0,23,2.2304731738281243,N,REGULAR,DOCU241108C00054000,2024-10-18 14:52:04+00:00,USD,REGULAR,DOCU241108P00054000,2024-10-18 13:44:27+00:00,USD
DOCU,Y,1,2.92969017578125,,0.0,0.0,12.8,17.95,20.35,55.0,2024-11-08,0.0,0.65,0.15,0.0,0.0,,8,2.1406296484375,N,REGULAR,DOCU241108C00055000,2024-10-08 16:43:10+00:00,USD,REGULAR,DOCU241108P00055000,2024-10-08 16:39:52+00:00,USD
DOCU,Y,13,2.464847587890625,2.0,0.0,0.0,15.9,16.0,18.1,57.0,2024-11-08,0.0,0.64,0.16,0.0,0.0,2.0,4,1.92578162109375,N,REGULAR,DOCU241108C00057000,2024-10-18 19:44:12+00:00,USD,REGULAR,DOCU241108P00057000,2024-10-15 14:17:38+00:00,USD
DOCU,Y,3,1.671876640625,2.0,3.4900007,27.96475,15.97,15.85,17.1,58.0,2024-11-08,0.0,1.28,0.13,0.0,0.0,1.0,307,2.1679733300781248,N,REGULAR,DOCU241108C00058000,2024-10-25 16:43:43+00:00,USD,REGULAR,DOCU241108P00058000,2024-10-17 13:31:20+00:00,USD
DOCU,Y,4,2.301762058105468,2.0,0.0,0.0,11.73,14.05,16.2,59.0,2024-11-08,0.0,0.14,1.0,0.0,0.0,,1,1.2851598242187499,N,REGULAR,DOCU241108C00059000,2024-11-01 15:16:43+00:00,USD,REGULAR,DOCU241108P00059000,2024-10-07 19:22:50+00:00,USD
DOCU,Y,20,1.5507834960937497,2.0,0.0,0.0,11.13,14.2,14.85,60.0,2024-11-08,0.0,0.32,0.05,0.0,0.0,21.0,41,1.39453427734375,N,REGULAR,DOCU241108C00060000,2024-11-01 18:43:28+00:00,USD,REGULAR,DOCU241108P00060000,2024-10-31 18:43:08+00:00,USD
DOCU,Y,1,2.328129179687499,1.0,0.0,0.0,8.95,11.65,14.6,61.0,2024-11-08,0.0,1.53,0.01,-0.01,-50.0,2.0,30,1.927734736328125,N,REGULAR,DOCU241108C00061000,2024-10-30 19:12:26+00:00,USD,REGULAR,DOCU241108P00061000,2024-11-05 17:16:33+00:00,USD
DOCU,Y,11,2.1035203662109367,1.0,0.0,0.0,9.5,10.9,13.45,62.0,2024-11-08,0.01,0.76,0.12,0.0,0.0,3.0,85,1.4882838085937498,N,REGULAR,DOCU241108C00062000,2024-11-04 16:41:05+00:00,USD,REGULAR,DOCU241108P00062000,2024-10-31 13:41:50+00:00,USD
DOCU,Y,13,2.0976610058593748,1.0,0.0,0.0,7.43,9.65,12.65,63.0,2024-11-08,0.0,0.12,0.03,0.0,0.0,6.0,17,0.9414068359375,N,REGULAR,DOCU241108C00063000,2024-10-25 15:53:38+00:00,USD,REGULAR,DOCU241108P00063000,2024-11-05 18:26:24+00:00,USD
DOCU,Y,11,1.759766826171875,8.0,0.0,0.0,5.45,8.65,11.3,64.0,2024-11-08,0.0,1.53,0.22,0.0,0.0,10.0,12,1.5810567822265622,N,REGULAR,DOCU241108C00064000,2024-11-04 16:07:26+00:00,USD,REGULAR,DOCU241108P00064000,2024-10-28 19:13:56+00:00,USD
DOCU,Y,12,1.6669938525390626,1.0,4.2599998,835.2937,9.03,7.95,10.35,65.0,2024-11-08,0.0,1.53,0.05,0.0,0.0,3.0,39,1.4658229833984375,N,REGULAR,DOCU241108C00065000,2024-11-04 15:11:46+00:00,USD,REGULAR,DOCU241108P00065000,2024-11-05 17:33:02+00:00,USD
DOCU,Y,3,1.396487392578125,1.0,0.0,0.0,6.15,6.95,9.1,66.0,2024-11-08,0.02,0.04,0.02,-0.04,-66.66667,1.0,40,0.632816171875,N,REGULAR,DOCU241108C00066000,2024-11-05 19:18:45+00:00,USD,REGULAR,DOCU241108P00066000,2024-11-06 14:46:18+00:00,USD
DOCU,Y,27,0.7539087109375,1.0,0.0,0.0,4.95,6.95,7.85,67.0,2024-11-08,0.0,1.54,0.12,0.0,0.0,13.0,49,1.2382850585937497,N,REGULAR,DOCU241108C00067000,2024-11-05 19:55:44+00:00,USD,REGULAR,DOCU241108P00067000,2024-11-05 18:07:59+00:00,USD
DOCU,Y,179,0.8457046679687499,1.0,0.0,0.0,2.98,6.3,6.9,68.0,2024-11-08,0.01,1.49,0.16,0.0,0.0,8.0,106,1.109379453125,N,REGULAR,DOCU241108C00068000,2024-11-05 15:15:33+00:00,USD,REGULAR,DOCU241108P00068000,2024-11-05 18:01:37+00:00,USD
DOCU,Y,89,0.745119736328125,11.0,0.0,0.0,2.74,5.2,6.0,69.0,2024-11-08,0.02,0.15,0.07,-0.15,-68.18182,1.0,70,0.51758294921875,N,REGULAR,DOCU241108C00069000,2024-11-05 17:12:53+00:00,USD,REGULAR,DOCU241108P00069000,2024-11-06 14:41:33+00:00,USD
DOCU,Y,216,0.6884796777343751,12.0,2.37,106.27802,4.6,4.4,4.95,70.0,2024-11-08,0.05,0.09,0.32,-0.02000001,-5.8823557,6.0,378,0.4414118359375,N,REGULAR,DOCU241108C00070000,2024-11-06 15:10:31+00:00,USD,REGULAR,DOCU241108P00070000,2024-11-06 14:58:12+00:00,USD
DOCU,Y,833,0.5927775097656252,7.0,1.34,72.04301,3.2,3.45,3.95,71.0,2024-11-08,0.07,0.11,0.16,-0.45000002,-73.77049,53.0,268,0.37695935546875,N,REGULAR,DOCU241108C00071000,2024-11-06 14:46:00+00:00,USD,REGULAR,DOCU241108P00071000,2024-11-06 14:57:57+00:00,USD
DOCU,Y,411,0.6015664843750002,60.0,1.45,113.28125,2.73,2.37,2.97,72.0,2024-11-08,0.0,0.2,0.2,-0.75,-78.94737,16.0,41,0.34766277343749996,N,REGULAR,DOCU241108C00072000,2024-11-06 15:11:26+00:00,USD,REGULAR,DOCU241108P00072000,2024-11-05 20:28:00+00:00,USD
DOCU,Y,291,0.45703667968750006,44.0,0.87000006,104.81929,1.7,1.7,1.95,73.0,2024-11-08,0.27,0.4,0.43,-1.1800001,-73.29192,5.0,12,0.334967587890625,N,REGULAR,DOCU241108C00073000,2024-11-06 15:15:47+00:00,USD,REGULAR,DOCU241108P00073000,2024-11-06 15:09:11+00:00,USD
DOCU,Y,460,0.41211525390625,190.0,0.59000003,115.68629,1.1,1.0,1.24,74.0,2024-11-08,0.47,0.72,4.05,0.0,0.0,10.0,16,0.31445998046874996,N,REGULAR,DOCU241108C00074000,2024-11-06 15:20:48+00:00,USD,REGULAR,DOCU241108P00074000,2024-11-04 19:50:13+00:00,USD
DOCU,N,567,0.40430283203125,180.0,0.32,106.666664,0.62,0.16,0.76,75.0,2024-11-08,0.78,1.2,1.25,-4.2,-77.06422,42.0,6,0.28711650390624993,Y,REGULAR,DOCU241108C00075000,2024-11-06 15:20:24+00:00,USD,REGULAR,DOCU241108P00075000,2024-11-06 15:09:11+00:00,USD
DOCU,N,33,0.39453730468750003,10.0,0.11,100.0,0.22,0.09,0.22,77.0,2024-11-08,2.55,2.84,4.65,0.0,0.0,,3,0.31055376953124997,Y,REGULAR,DOCU241108C00077000,2024-11-06 15:14:33+00:00,USD,REGULAR,DOCU241108P00077000,2024-10-17 14:09:19+00:00,USD
DOCU,N,51,0.5273484765625001,1.0,0.0,0.0,0.01,0.0,0.05,81.0,2024-11-08,5.55,8.5,11.35,0.0,0.0,,0,0.7763694238281251,Y,REGULAR,DOCU241108C00081000,2024-11-05 20:57:21+00:00,USD,REGULAR,DOCU241108P00081000,2024-10-14 13:36:03+00:00,USD
DOCU,Y,1,1.6289081054687498,1.0,0.0,0.0,27.0,27.45,31.45,45.0,2024-11-15,0.0,0.61,0.02,0.0,0.0,1.0,30,1.7753917480468748,N,REGULAR,DOCU241115C00045000,2024-10-21 19:10:22+00:00,USD,REGULAR,DOCU241115P00045000,2024-10-09 18:28:54+00:00,USD
DOCU,Y,1,1.0000000000000003e-05,1.0,0.0,0.0,14.46,19.7,23.4,47.5,2024-11-15,0.0,1.27,0.26,0.0,0.0,,1,1.890625546875,N,REGULAR,DOCU241115C00047500,2024-09-27 17:22:31+00:00,USD,REGULAR,DOCU241115P00047500,2024-10-02 19:43:07+00:00,USD
DOCU,Y,6,2.1269578076171873,1.0,0.0,0.0,20.06,22.6,25.65,50.0,2024-11-15,0.0,1.28,0.02,0.0,0.0,1.0,18,1.7158217333984376,N,REGULAR,DOCU241115C00050000,2024-10-30 19:03:01+00:00,USD,REGULAR,DOCU241115P00050000,2024-10-17 14:49:09+00:00,USD
DOCU,Y,25,1.4638698681640623,1.0,0.0,0.0,17.68,21.75,22.8,52.5,2024-11-15,0.0,0.3,0.04,0.0,0.0,2.0,84,1.1367230664062502,N,REGULAR,DOCU241115C00052500,2024-10-30 17:40:25+00:00,USD,REGULAR,DOCU241115P00052500,2024-10-28 14:59:43+00:00,USD
DOCU,Y,11,1.123051259765625,1.0,0.0,0.0,18.17,19.2,19.85,55.0,2024-11-15,0.01,0.07,0.11,0.0,0.0,2.0,2615,0.8203142968749999,N,REGULAR,DOCU241115C00055000,2024-10-18 15:27:50+00:00,USD,REGULAR,DOCU241115P00055000,2024-11-05 20:24:21+00:00,USD
DOCU,Y,16,0.98437515625,2.0,0.0,0.0,14.63,16.7,17.35,57.5,2024-11-15,0.01,0.61,0.06,0.0,0.0,1.0,108,1.01953615234375,N,REGULAR,DOCU241115C00057500,2024-11-05 19:32:40+00:00,USD,REGULAR,DOCU241115P00057500,2024-11-05 19:30:52+00:00,USD
DOCU,Y,190,0.74414318359375,20.0,0.0,0.0,11.03,13.95,14.85,60.0,2024-11-15,0.01,0.1,0.09,0.040000003,80.00001,4.0,3516,0.6347692773437501,N,REGULAR,DOCU241115C00060000,2024-11-05 16:21:29+00:00,USD,REGULAR,DOCU241115P00060000,2024-11-06 15:17:15+00:00,USD
DOCU,Y,1,1.343265002441406,1.0,0.0,0.0,9.28,11.6,14.8,61.0,2024-11-15,0.0,1.3,0.07,0.0,0.0,2.0,21,1.0048877880859375,N,REGULAR,DOCU241115C00061000,2024-11-01 13:34:45+00:00,USD,REGULAR,DOCU241115P00061000,2024-11-05 16:32:00+00:00,USD
DOCU,Y,7,1.25390998046875,7.0,0.0,0.0,9.26,10.65,13.75,62.0,2024-11-15,0.0,1.31,0.24,0.0,0.0,1.0,4,0.9458013232421875,N,REGULAR,DOCU241115C00062000,2024-11-01 16:04:48+00:00,USD,REGULAR,DOCU241115P00062000,2024-10-30 19:26:51+00:00,USD
DOCU,Y,272,0.717776259765625,27.0,0.0,0.0,8.55,11.9,12.15,62.5,2024-11-15,0.01,0.3,0.11,0.009999998,9.999997,3.0,1207,0.63867548828125,N,REGULAR,DOCU241115C00062500,2024-11-05 15:58:15+00:00,USD,REGULAR,DOCU241115P00062500,2024-11-06 15:17:15+00:00,USD
DOCU,Y,2,1.1811564379882813,2.0,0.0,0.0,8.38,9.65,12.75,63.0,2024-11-15,0.01,1.32,0.11,0.0,0.0,6.0,9,0.8886729882812499,N,REGULAR,DOCU241115C00063000,2024-11-01 19:35:44+00:00,USD,REGULAR,DOCU241115P00063000,2024-11-05 17:31:53+00:00,USD
DOCU,Y,15,0.7753928710937501,7.0,0.0,0.0,6.15,10.25,11.35,64.0,2024-11-15,0.02,0.82,0.35,0.0,0.0,1.0,8,0.7216824707031251,N,REGULAR,DOCU241115C00064000,2024-11-04 15:26:16+00:00,USD,REGULAR,DOCU241115P00064000,2024-10-30 17:03:59+00:00,USD
DOCU,Y,872,0.6015664843750002,1.0,2.9700003,47.903233,9.17,9.35,9.75,65.0,2024-11-15,0.05,0.11,0.09,-0.08,-42.105263,4.0,2993,0.48242705078125003,N,REGULAR,DOCU241115C00065000,2024-11-06 15:03:51+00:00,USD,REGULAR,DOCU241115P00065000,2024-11-06 15:19:12+00:00,USD
DOCU,Y,2,0.875977802734375,1.0,2.44,42.95775,8.12,6.9,9.45,66.0,2024-11-15,0.03,1.07,0.24,0.0,0.0,2.0,9,0.6616244775390626,N,REGULAR,DOCU241115C00066000,2024-11-06 15:08:18+00:00,USD,REGULAR,DOCU241115P00066000,2024-11-05 19:38:49+00:00,USD
DOCU,Y,3,0.7773459765625,1.0,0.0,0.0,5.25,6.55,8.35,67.0,2024-11-15,0.08,0.14,0.58,0.0,0.0,2.0,169,0.41309180664062495,N,REGULAR,DOCU241115C00067000,2024-11-05 19:55:44+00:00,USD,REGULAR,DOCU241115P00067000,2024-11-05 14:49:40+00:00,USD
DOCU,Y,323,0.5014698291015626,10.0,1.8499999,35.23809,7.1,6.8,7.45,67.5,2024-11-15,0.1,0.13,0.5,0.0,0.0,55.0,405,0.38281867187499996,N,REGULAR,DOCU241115C00067500,2024-11-05 20:30:48+00:00,USD,REGULAR,DOCU241115P00067500,2024-11-05 17:44:55+00:00,USD
DOCU,Y,40,0.6201209863281252,10.0,2.25,47.87234,6.95,4.8,7.05,68.0,2024-11-15,0.11,0.14,0.14,-0.37,-72.54902,1.0,247,0.366217275390625,N,REGULAR,DOCU241115C00068000,2024-11-06 15:13:22+00:00,USD,REGULAR,DOCU241115P00068000,2024-11-06 15:19:50+00:00,USD
DOCU,Y,37,0.5546919531250001,41.0,0.0,0.0,2.44,5.3,6.05,69.0,2024-11-15,0.16,0.19,0.42,-0.25000003,-37.31344,2.0,134,0.344733115234375,N,REGULAR,DOCU241115C00069000,2024-11-04 20:54:28+00:00,USD,REGULAR,DOCU241115P00069000,2024-11-05 20:20:13+00:00,USD
DOCU,Y,1795,0.46045461425781253,8.0,1.69,54.516132,4.79,4.6,4.95,70.0,2024-11-15,0.2,0.36,0.27,-0.59000003,-68.60465,5.0,790,0.358404853515625,N,REGULAR,DOCU241115C00070000,2024-11-06 15:12:01+00:00,USD,REGULAR,DOCU241115P00070000,2024-11-06 15:13:42+00:00,USD
DOCU,Y,347,0.407232490234375,7.0,1.04,41.10672,3.57,2.84,4.0,71.0,2024-11-15,0.35,0.39,1.25,0.0,0.0,68.0,75,0.309577216796875,N,REGULAR,DOCU241115C00071000,2024-11-06 14:49:59+00:00,USD,REGULAR,DOCU241115P00071000,2024-11-05 19:38:49+00:00,USD
DOCU,Y,153,0.4865773999023438,9.0,0.77999985,42.857132,2.6,2.83,3.65,72.0,2024-11-15,0.5,0.6,0.76,-0.89,-53.939396,10.0,141,0.30225307128906254,N,REGULAR,DOCU241115C00072000,2024-11-06 14:55:40+00:00,USD,REGULAR,DOCU241115P00072000,2024-11-05 20:50:41+00:00,USD
DOCU,Y,369,0.3947814428710938,40.0,1.0400001,62.650608,2.7,2.55,2.92,72.5,2024-11-15,0.64,0.72,0.76,-1.15,-60.209427,20.0,77,0.2954172021484375,N,REGULAR,DOCU241115C00072500,2024-11-06 15:09:02+00:00,USD,REGULAR,DOCU241115P00072500,2024-11-06 15:16:49+00:00,USD
DOCU,Y,178,0.3852600537109374,168.0,0.0,0.0,1.48,2.21,2.57,73.0,2024-11-15,0.77,1.03,2.27,0.0,0.0,13.0,22,0.32520206054687495,N,REGULAR,DOCU241115C00073000,2024-11-05 20:33:33+00:00,USD,REGULAR,DOCU241115P00073000,2024-11-05 19:55:00+00:00,USD
DOCU,N,872,0.3437565625,116.0,0.40000004,50.632915,1.19,1.27,1.35,75.0,2024-11-15,1.65,1.77,5.3,0.0,0.0,1.0,32,0.2778392529296875,Y,REGULAR,DOCU241115C00075000,2024-11-06 15:16:01+00:00,USD,REGULAR,DOCU241115P00075000,2024-10-31 18:56:52+00:00,USD
DOCU,N,92,0.33618827880859375,46.0,0.34999996,63.636356,0.9,0.87,0.94,76.0,2024-11-15,2.2,2.61,5.8,0.0,0.0,,1,0.32080757324218745,Y,REGULAR,DOCU241115C00076000,2024-11-05 19:41:23+00:00,USD,REGULAR,DOCU241115P00076000,2024-10-23 13:42:47+00:00,USD
DOCU,N,7,0.3364324169921875,4.0,0.21,123.52941,0.38,0.39,0.44,78.0,2024-11-15,3.4,3.95,6.0,0.0,0.0,,30,0.2612378564453125,Y,REGULAR,DOCU241115C00078000,2024-11-06 15:19:46+00:00,USD,REGULAR,DOCU241115P00078000,2024-10-21 14:23:55+00:00,USD
DOCU,N,310,0.3544986425781249,1.0,0.049999997,31.249998,0.21,0.18,0.22,80.0,2024-11-15,5.45,6.25,9.8,0.0,0.0,1.0,16,0.459966337890625,Y,REGULAR,DOCU241115C00080000,2024-11-05 20:54:19+00:00,USD,REGULAR,DOCU241115P00080000,2024-10-25 14:11:09+00:00,USD
DOCU,Y,5,1.0869186279296876,4.0,0.0,0.0,9.85,12.75,15.8,60.0,2024-11-22,0.0,0.75,0.19,0.0,0.0,9.0,12,0.7070341796875,N,REGULAR,DOCU241122C00060000,2024-10-30 19:42:29+00:00,USD,REGULAR,DOCU241122P00060000,2024-10-29 16:25:52+00:00,USD
DOCU,Y,4,1.0302782861328126,5.0,0.0,0.0,8.8,11.65,14.8,61.0,2024-11-22,0.0,0.75,0.26,0.0,0.0,22.0,27,0.6640658593750002,N,REGULAR,DOCU241122C00061000,2024-11-05 18:23:01+00:00,USD,REGULAR,DOCU241122P00061000,2024-10-28 19:12:19+00:00,USD
DOCU,Y,3,0.9863282617187501,,0.0,0.0,7.7,10.5,13.85,62.0,2024-11-22,0.0,0.75,0.36,0.0,0.0,1.0,30,0.6210975390625001,N,REGULAR,DOCU241122C00062000,2024-10-09 17:07:50+00:00,USD,REGULAR,DOCU241122P00062000,2024-10-31 15:38:40+00:00,USD
DOCU,Y,42,0.8173846386718748,1.0,0.0,0.0,8.08,11.3,13.5,63.0,2024-11-22,0.0,0.75,0.39,0.0,0.0,5.0,7,0.579105771484375,N,REGULAR,DOCU241122C00063000,2024-11-05 15:15:45+00:00,USD,REGULAR,DOCU241122P00063000,2024-10-28 15:30:56+00:00,USD
DOCU,Y,539,0.532231240234375,54.0,2.1599998,24.999998,10.8,10.45,10.8,64.0,2024-11-22,0.0,1.4,0.47,0.0,0.0,1.0,30,0.6450230810546875,N,REGULAR,DOCU241122C00064000,2024-11-06 15:20:59+00:00,USD,REGULAR,DOCU241122P00064000,2024-10-29 16:59:36+00:00,USD
DOCU,Y,12,0.52539537109375,1.0,2.9099998,44.157814,9.5,9.5,9.95,65.0,2024-11-22,0.09,1.09,0.14,-0.16000001,-53.333336,5.0,16,0.5654340332031251,N,REGULAR,DOCU241122C00065000,2024-11-06 15:04:48+00:00,USD,REGULAR,DOCU241122P00065000,2024-11-06 15:00:54+00:00,USD
DOCU,Y,13,0.56055126953125,1.0,0.0,0.0,5.5,8.15,9.0,66.0,2024-11-22,0.11,0.17,0.57,0.0,0.0,1.0,8,0.36914693359375,N,REGULAR,DOCU241122C00066000,2024-11-05 14:31:51+00:00,USD,REGULAR,DOCU241122P00066000,2024-11-01 18:59:33+00:00,USD
DOCU,Y,22,0.5249070947265625,1.0,0.0,0.0,5.07,7.4,8.05,67.0,2024-11-22,0.15,0.21,0.99,0.0,0.0,4.0,13,0.3491276025390625,N,REGULAR,DOCU241122C00067000,2024-11-01 18:20:31+00:00,USD,REGULAR,DOCU241122P00067000,2024-11-04 18:02:24+00:00,USD
DOCU,Y,10,0.532231240234375,2.0,0.0,0.0,3.48,6.55,7.3,68.0,2024-11-22,0.23,0.28,0.39,-0.33000004,-45.833336,1.0,11,0.335944140625,N,REGULAR,DOCU241122C00068000,2024-11-04 20:38:18+00:00,USD,REGULAR,DOCU241122P00068000,2024-11-06 14:55:22+00:00,USD
DOCU,Y,33,0.4585015087890626,4.0,0.0,0.0,4.2,5.8,6.2,69.0,2024-11-22,0.18,0.46,0.43,-0.54,-55.670105,1.0,14,0.3461979443359374,N,REGULAR,DOCU241122C00069000,2024-11-05 20:14:04+00:00,USD,REGULAR,DOCU241122P00069000,2024-11-06 15:01:18+00:00,USD
DOCU,Y,84,0.45508357421875,13.0,1.4800003,44.578323,4.8,4.65,5.45,70.0,2024-11-22,0.34,0.54,1.8,0.0,0.0,13.0,13,0.3193427441406249,N,REGULAR,DOCU241122C00070000,2024-11-06 14:30:14+00:00,USD,REGULAR,DOCU241122P00070000,2024-11-01 19:52:25+00:00,USD
DOCU,Y,25,0.44336494140625,7.0,0.0,0.0,2.93,2.73,4.7,71.0,2024-11-22,0.55,0.71,2.25,0.0,0.0,13.0,15,0.3061592822265625,N,REGULAR,DOCU241122C00071000,2024-11-05 20:59:37+00:00,USD,REGULAR,DOCU241122P00071000,2024-11-01 19:52:25+00:00,USD
DOCU,Y,64,0.5898478515625001,2.0,0.0,0.0,2.42,3.1,4.95,72.0,2024-11-22,0.86,1.0,2.09,0.0,0.0,1.0,2,0.30542686767578126,N,REGULAR,DOCU241122C00072000,2024-11-05 20:58:43+00:00,USD,REGULAR,DOCU241122P00072000,2024-11-05 18:45:16+00:00,USD
DOCU,Y,49,0.3569400244140625,6.0,0.6,43.795624,1.97,2.18,2.41,74.0,2024-11-22,1.32,1.76,4.93,0.0,0.0,30.0,0,0.295905478515625,N,REGULAR,DOCU241122C00074000,2024-11-05 19:28:31+00:00,USD,REGULAR,DOCU241122P00074000,2024-10-22 16:34:54+00:00,USD
DOCU,N,69,0.5854533642578125,1.0,0.71000004,173.17075,1.83,1.7,3.4,75.0,2024-11-22,1.94,2.17,4.18,0.0,0.0,1.0,1,0.27637442382812494,Y,REGULAR,DOCU241122C00075000,2024-11-06 15:21:31+00:00,USD,REGULAR,DOCU241122P00075000,2024-10-18 14:57:02+00:00,USD
DOCU,N,9,0.3518131225585937,1.0,0.46000004,51.6854,1.35,1.29,1.51,76.0,2024-11-22,2.52,2.78,6.45,0.0,0.0,,2,0.27466545654296876,Y,REGULAR,DOCU241122C00076000,2024-11-06 14:30:03+00:00,USD,REGULAR,DOCU241122P00076000,2024-10-30 17:04:52+00:00,USD
DOCU,Y,1,0.9367682104492188,,0.0,0.0,10.59,12.65,15.9,60.0,2024-11-29,0.0,0.3,0.15,0.0,0.0,31.0,48,0.5644574804687501,N,REGULAR,DOCU241129C00060000,2024-10-30 15:49:56+00:00,USD,REGULAR,DOCU241129P00060000,2024-11-05 19:18:49+00:00,USD
DOCU,Y,2,0.8125018749999999,2.0,0.0,0.0,6.78,9.75,13.0,63.0,2024-11-29,0.0,1.86,0.44,0.0,0.0,5.0,8,0.6401403173828125,N,REGULAR,DOCU241129C00063000,2024-10-25 19:50:53+00:00,USD,REGULAR,DOCU241129P00063000,2024-11-04 16:27:35+00:00,USD
DOCU,Y,6,0.7543969873046875,3.0,0.0,0.0,7.8,8.65,11.95,64.0,2024-11-29,0.0,2.18,0.43,0.0,0.0,2.0,5,0.6333044482421876,N,REGULAR,DOCU241129C00064000,2024-11-01 15:15:46+00:00,USD,REGULAR,DOCU241129P00064000,2024-11-05 19:41:47+00:00,USD
DOCU,Y,20,0.6035195898437502,13.0,0.0,0.0,5.17,8.15,9.65,66.0,2024-11-29,0.0,0.58,0.65,0.0,0.0,2.0,35,0.43457596679687505,N,REGULAR,DOCU241129C00066000,2024-11-04 19:02:53+00:00,USD,REGULAR,DOCU241129P00066000,2024-11-05 18:31:41+00:00,USD
DOCU,Y,9,0.5014698291015626,3.0,0.0,0.0,5.21,6.9,8.35,67.0,2024-11-29,0.0,0.43,0.75,0.0,0.0,5.0,8,0.3588931298828125,N,REGULAR,DOCU241129C00067000,2024-11-01 18:28:17+00:00,USD,REGULAR,DOCU241129P00067000,2024-11-05 18:55:34+00:00,USD
DOCU,Y,10,0.46631393066406257,3.0,0.0,0.0,3.5,6.65,7.4,68.0,2024-11-29,0.03,0.5,0.31,-0.63,-67.02128,2.0,45,0.3386296606445312,N,REGULAR,DOCU241129C00068000,2024-10-31 19:54:52+00:00,USD,REGULAR,DOCU241129P00068000,2024-11-06 15:17:01+00:00,USD
DOCU,Y,20,0.5515181567382813,6.0,3.07,108.098595,5.91,5.9,7.2,69.0,2024-11-29,0.3,0.64,0.93,-0.92,-49.72973,1.0,2,0.32910827148437494,N,REGULAR,DOCU241129C00069000,2024-11-06 14:49:31+00:00,USD,REGULAR,DOCU241129P00069000,2024-11-06 14:49:31+00:00,USD
DOCU,Y,46,0.39087523193359375,11.0,2.05,80.39216,4.6,4.55,5.5,70.0,2024-11-29,0.47,0.75,2.71,0.0,0.0,1.0,3,0.30811238769531246,N,REGULAR,DOCU241129C00070000,2024-11-06 14:41:09+00:00,USD,REGULAR,DOCU241129P00070000,2024-10-28 16:06:10+00:00,USD
DOCU,Y,12,0.4101621484375,7.0,0.9299998,29.523804,4.08,4.35,4.95,71.0,2024-11-29,0.68,1.02,3.15,0.0,0.0,26.0,28,0.3083565258789062,N,REGULAR,DOCU241129C00071000,2024-11-05 18:48:44+00:00,USD,REGULAR,DOCU241129P00071000,2024-11-04 16:14:09+00:00,USD
DOCU,Y,43,0.5170946728515625,1.0,1.03,41.700405,3.5,3.6,5.1,72.0,2024-11-29,0.97,1.29,2.54,0.0,0.0,1.0,1,0.299811689453125,N,REGULAR,DOCU241129C00072000,2024-11-06 14:45:25+00:00,USD,REGULAR,DOCU241129P00072000,2024-10-18 17:43:26+00:00,USD
DOCU,Y,33,0.3505924316406249,2.0,0.37999988,22.093016,2.1,2.44,2.79,74.0,2024-11-29,1.66,2.01,5.1,0.0,0.0,25.0,0,0.2819896020507812,N,REGULAR,DOCU241129C00074000,2024-11-05 20:32:05+00:00,USD,REGULAR,DOCU241129P00074000,2024-10-22 14:45:18+00:00,USD
DOCU,N,1571,0.34888346435546874,35.0,-0.48000002,-35.555553,0.87,1.96,2.31,75.0,2024-11-29,2.22,2.52,5.85,0.0,0.0,,1,0.2790599438476562,Y,REGULAR,DOCU241129C00075000,2024-11-06 14:43:27+00:00,USD,REGULAR,DOCU241129P00075000,2024-10-23 18:05:31+00:00,USD
DOCU,Y,1,0.5112353564453125,,0.0,0.0,10.8,12.85,16.35,60.0,2024-12-06,0.0,1.91,0.66,0.0,0.0,,33,0.6816438085937502,N,REGULAR,DOCU241206C00060000,2024-10-30 15:48:41+00:00,USD,REGULAR,DOCU241206P00060000,2024-10-29 16:28:14+00:00,USD
DOCU,Y,3,0.7536645727539062,1.0,0.0,0.0,7.38,8.15,11.8,65.0,2024-12-06,0.0,2.74,1.34,0.0,0.0,1.0,33,0.56836369140625,N,REGULAR,DOCU241206C00065000,2024-11-01 16:29:13+00:00,USD,REGULAR,DOCU241206P00065000,2024-10-30 15:27:30+00:00,USD
DOCU,Y,2,0.7219266088867188,,0.0,0.0,7.0,7.7,10.9,66.0,2024-12-06,0.0,2.27,2.31,0.0,0.0,,10,0.6677279321289065,N,REGULAR,DOCU241206C00066000,2024-10-24 18:38:29+00:00,USD,REGULAR,DOCU241206P00066000,2024-10-24 18:48:27+00:00,USD
DOCU,Y,11,0.6584506811523438,15.0,0.0,0.0,5.0,4.85,8.5,69.0,2024-12-06,0.04,3.2,3.1,0.0,0.0,,3,0.6533237792968751,N,REGULAR,DOCU241206C00069000,2024-11-05 18:07:46+00:00,USD,REGULAR,DOCU241206P00069000,2024-10-30 19:24:47+00:00,USD
DOCU,Y,25,0.5695843823242188,19.0,0.0,0.0,4.69,4.1,7.2,70.0,2024-12-06,0.58,3.6,2.38,0.0,0.0,2.0,2,0.6533237792968751,N,REGULAR,DOCU241206C00070000,2024-11-05 19:50:18+00:00,USD,REGULAR,DOCU241206P00070000,2024-11-05 19:04:09+00:00,USD
DOCU,Y,2,0.508793974609375,2.0,0.0,0.0,4.12,6.35,7.15,70.0,2024-12-13,1.61,2.59,3.53,0.0,0.0,2.0,0,0.47412635253906255,N,REGULAR,DOCU241213C00070000,2024-11-05 14:41:41+00:00,USD,REGULAR,DOCU241213P00070000,2024-11-05 14:41:41+00:00,USD
DOCU,Y,14,1.0000000000000003e-05,1.0,0.0,0.0,16.57,22.9,23.5,35.0,2024-12-20,0.0,1.06,0.02,0.0,0.0,1060.0,1074,1.3310580322265622,N,REGULAR,DOCU241220C00035000,2024-08-05 17:53:02+00:00,USD,REGULAR,DOCU241220P00035000,2024-09-30 15:23:37+00:00,USD
DOCU,Y,3,1.0000000000000003e-05,2.0,0.0,0.0,18.85,19.65,20.25,37.5,2024-12-20,0.0,2.16,0.01,0.0,0.0,11.0,52,1.4453152734375,N,REGULAR,DOCU241220C00037500,2024-08-14 19:14:56+00:00,USD,REGULAR,DOCU241220P00037500,2024-10-21 19:23:42+00:00,USD
DOCU,Y,11,1.0000000000000003e-05,25.0,0.0,0.0,19.21,28.8,32.5,40.0,2024-12-20,0.03,2.18,0.05,0.0,0.0,1.0,55,1.338870493164062,N,REGULAR,DOCU241220C00040000,2024-09-23 16:00:16+00:00,USD,REGULAR,DOCU241220P00040000,2024-10-31 18:50:00+00:00,USD
DOCU,Y,9,1.1455120849609375,3.0,0.0,0.0,15.21,28.5,32.6,42.5,2024-12-20,0.0,1.3,0.1,0.0,0.0,50.0,110,1.0771530517578127,N,REGULAR,DOCU241220C00042500,2024-09-16 18:52:54+00:00,USD,REGULAR,DOCU241220P00042500,2024-10-25 15:33:54+00:00,USD
DOCU,Y,162,0.7841818457031251,2.0,0.0,0.0,24.64,27.9,31.05,45.0,2024-12-20,0.05,0.69,0.06,0.0,0.0,4.0,141,0.870118486328125,N,REGULAR,DOCU241220C00045000,2024-10-24 13:49:44+00:00,USD,REGULAR,DOCU241220P00045000,2024-11-05 20:25:21+00:00,USD
DOCU,Y,129,0.6777375976562501,3.0,0.0,0.0,23.69,25.3,28.55,47.5,2024-12-20,0.14,0.45,0.15,0.0,0.0,2.0,687,0.7539087109375,N,REGULAR,DOCU241220C00047500,2024-10-16 14:56:48+00:00,USD,REGULAR,DOCU241220P00047500,2024-10-31 19:02:43+00:00,USD
DOCU,Y,451,0.7841818457031251,1.0,0.0,0.0,20.04,22.95,26.7,50.0,2024-12-20,0.0,1.35,0.25,0.0,0.0,2.0,317,0.8193377441406249,N,REGULAR,DOCU241220C00050000,2024-11-04 16:45:27+00:00,USD,REGULAR,DOCU241220P00050000,2024-11-04 19:19:55+00:00,USD
DOCU,Y,54,0.7280300634765625,1.0,0.0,0.0,18.13,20.4,24.4,52.5,2024-12-20,0.1,2.36,0.35,0.0,0.0,1.0,855,0.8740246972656249,N,REGULAR,DOCU241220C00052500,2024-10-30 17:40:25+00:00,USD,REGULAR,DOCU241220P00052500,2024-11-04 16:13:26+00:00,USD
DOCU,Y,643,0.6821320849609377,1.0,0.0,0.0,17.2,18.05,22.0,55.0,2024-12-20,0.11,2.43,0.8,0.0,0.0,3.0,393,0.7939473730468749,N,REGULAR,DOCU241220C00055000,2024-11-05 17:36:56+00:00,USD,REGULAR,DOCU241220P00055000,2024-11-04 15:22:02+00:00,USD
DOCU,Y,1068,0.6674837939453127,6.0,0.0,0.0,13.69,16.0,19.65,57.5,2024-12-20,0.13,2.48,0.64,0.0,0.0,1.0,337,0.7138700488281251,N,REGULAR,DOCU241220C00057500,2024-11-04 19:40:59+00:00,USD,REGULAR,DOCU241220P00057500,2024-11-04 18:42:50+00:00,USD
DOCU,Y,1336,0.5952188916015625,2.0,0.0,0.0,12.53,13.25,17.5,60.0,2024-12-20,0.41,0.57,0.47,-0.22,-31.884058,6.0,374,0.4848684326171875,N,REGULAR,DOCU241220C00060000,2024-11-05 17:56:08+00:00,USD,REGULAR,DOCU241220P00060000,2024-11-06 15:14:50+00:00,USD
DOCU,Y,1158,0.5737347314453125,1.0,0.0,0.0,10.35,11.55,14.95,62.5,2024-12-20,0.4,1.68,0.75,-0.34000003,-31.192663,4.0,491,0.5019581054687501,N,REGULAR,DOCU241220C00062500,2024-11-05 17:46:44+00:00,USD,REGULAR,DOCU241220P00062500,2024-11-06 15:13:57+00:00,USD
DOCU,Y,1564,0.5124560473632812,17.0,1.5200005,17.371433,10.27,10.65,11.2,65.0,2024-12-20,0.98,1.07,1.15,-0.32000005,-21.76871,1.0,290,0.4274959594726563,N,REGULAR,DOCU241220C00065000,2024-11-06 14:43:13+00:00,USD,REGULAR,DOCU241220P00065000,2024-11-06 14:53:08+00:00,USD
DOCU,Y,2820,0.5114794946289063,1.0,1.8499999,27.819546,8.5,8.65,9.15,67.5,2024-12-20,1.33,1.52,1.5,-0.8299999,-35.622314,4.0,238,0.40650007568359375,N,REGULAR,DOCU241220C00067500,2024-11-05 17:42:38+00:00,USD,REGULAR,DOCU241220P00067500,2024-11-06 15:14:16+00:00,USD
DOCU,Y,963,0.46753462158203124,58.0,0.9499998,16.579405,6.68,6.95,7.15,70.0,2024-12-20,2.07,2.23,2.19,-0.94000006,-30.03195,33.0,764,0.3967345483398438,N,REGULAR,DOCU241220C00070000,2024-11-06 15:02:26+00:00,USD,REGULAR,DOCU241220P00070000,2024-11-06 15:19:13+00:00,USD
DOCU,Y,309,0.4445856323242187,32.0,0.9899998,22.499994,5.39,5.25,5.5,72.5,2024-12-20,2.9,3.0,3.33,-1.8200002,-35.33981,3.0,168,0.3715883154296875,N,REGULAR,DOCU241220C00072500,2024-11-06 15:12:01+00:00,USD,REGULAR,DOCU241220P00072500,2024-11-05 15:07:15+00:00,USD
DOCU,N,664,0.446294599609375,32.0,0.81999993,24.999998,4.1,4.0,4.3,75.0,2024-12-20,4.15,4.3,4.15,-1.8699999,-31.06312,3.0,65,0.37525038818359374,Y,REGULAR,DOCU241220C00075000,2024-11-06 15:20:59+00:00,USD,REGULAR,DOCU241220P00075000,2024-11-06 15:20:50+00:00,USD
DOCU,N,32,0.4420221813964844,3.0,0.0,0.0,2.09,2.99,3.25,77.5,2024-12-20,5.25,5.65,7.4,0.0,0.0,4.0,7,0.3591372680664062,Y,REGULAR,DOCU241220C00077500,2024-11-05 17:42:38+00:00,USD,REGULAR,DOCU241220P00077500,2024-11-05 18:45:02+00:00,USD
DOCU,N,291,0.4285945812988281,30.0,0.0,0.0,1.69,2.15,2.31,80.0,2024-12-20,7.05,7.85,9.4,0.0,0.0,1.0,9,0.4074766284179688,Y,REGULAR,DOCU241220C00080000,2024-11-05 20:58:56+00:00,USD,REGULAR,DOCU241220P00080000,2024-11-05 17:14:17+00:00,USD
DOCU,N,77,0.4555718505859375,17.0,0.0,0.0,0.55,0.39,0.73,90.0,2024-12-20,14.45,17.35,19.15,0.0,0.0,,1,0.5900919897460939,Y,REGULAR,DOCU241220C00090000,2024-11-05 20:49:39+00:00,USD,REGULAR,DOCU241220P00090000,2024-10-24 19:39:04+00:00,USD
DOCU,Y,4,1.0000000000000003e-05,1.0,0.0,0.0,40.5,37.55,41.6,20.0,2025-01-17,0.0,0.01,0.01,0.0,0.0,1.0,208,0.9687503125,N,REGULAR,DOCU250117C00020000,2024-03-12 15:27:33+00:00,USD,REGULAR,DOCU250117P00020000,2024-10-17 13:30:00+00:00,USD
DOCU,Y,103,0.9687503125,1.0,0.0,0.0,46.76,50.15,53.4,22.5,2025-01-17,0.0,0.16,0.05,0.0,0.0,3.0,306,1.1679729101562502,N,REGULAR,DOCU250117C00022500,2024-10-09 19:49:16+00:00,USD,REGULAR,DOCU250117P00022500,2024-09-23 19:00:02+00:00,USD
DOCU,Y,179,1.0000000000000003e-05,10.0,0.0,0.0,36.0,42.25,46.05,25.0,2025-01-17,0.0,0.33,0.09,0.0,0.0,3.0,2599,1.1875040625,N,REGULAR,DOCU250117C00025000,2024-09-25 18:47:17+00:00,USD,REGULAR,DOCU250117P00025000,2024-10-15 14:52:43+00:00,USD
DOCU,Y,3,1.0000000000000003e-05,1.0,0.0,0.0,34.7,34.0,39.0,27.5,2025-01-17,0.0,0.26,0.02,0.0,0.0,1260.0,1422,1.05078599609375,N,REGULAR,DOCU250117C00027500,2023-12-20 18:05:19+00:00,USD,REGULAR,DOCU250117P00027500,2024-09-03 14:22:13+00:00,USD
DOCU,Y,196,0.9160164648437501,2.0,0.0,0.0,39.8,42.7,46.0,30.0,2025-01-17,0.0,2.13,0.06,0.0,0.0,1.0,4486,1.4428738793945315,N,REGULAR,DOCU250117C00030000,2024-10-31 14:21:26+00:00,USD,REGULAR,DOCU250117P00030000,2024-10-11 19:03:40+00:00,USD
DOCU,Y,71,1.0000000000000003e-05,1.0,0.0,0.0,21.25,23.05,27.3,32.5,2025-01-17,0.0,0.68,0.1,0.0,0.0,2.0,1041,1.0410204199218753,N,REGULAR,DOCU250117C00032500,2024-06-12 15:44:29+00:00,USD,REGULAR,DOCU250117P00032500,2024-09-24 15:46:07+00:00,USD
DOCU,Y,87,1.0000000000000003e-05,1.0,0.0,0.0,22.05,17.7,21.95,35.0,2025-01-17,0.0,1.69,0.1,0.0,0.0,2.0,1820,1.1591838916015624,N,REGULAR,DOCU250117C00035000,2024-07-02 13:31:58+00:00,USD,REGULAR,DOCU250117P00035000,2024-10-25 13:39:14+00:00,USD
DOCU,Y,151,0.7919942675781251,1.0,0.0,0.0,31.5,35.3,38.6,37.5,2025-01-17,0.0,0.08,0.04,0.0,0.0,38.0,7121,0.6367223828125,N,REGULAR,DOCU250117C00037500,2024-10-14 19:37:35+00:00,USD,REGULAR,DOCU250117P00037500,2024-11-01 15:54:29+00:00,USD
DOCU,Y,223,0.754885263671875,1.0,0.0,0.0,30.45,32.85,36.15,40.0,2025-01-17,0.03,0.27,0.04,0.0,0.0,1.0,3013,0.6972686523437501,N,REGULAR,DOCU250117C00040000,2024-10-31 17:49:01+00:00,USD,REGULAR,DOCU250117P00040000,2024-11-01 16:22:00+00:00,USD
DOCU,Y,242,0.8271501660156249,1.0,0.0,0.0,26.6,30.35,34.35,42.5,2025-01-17,0.0,0.8,0.25,0.0,0.0,1.0,349,0.7607445800781252,N,REGULAR,DOCU250117C00042500,2024-10-10 14:37:29+00:00,USD,REGULAR,DOCU250117P00042500,2024-11-05 19:03:13+00:00,USD
DOCU,Y,254,0.7905294384765625,1.0,0.0,0.0,26.75,27.95,32.0,45.0,2025-01-17,0.12,0.37,0.14,0.0,0.0,3.0,1367,0.63086306640625,N,REGULAR,DOCU250117C00045000,2024-11-01 16:25:32+00:00,USD,REGULAR,DOCU250117P00045000,2024-11-01 19:06:49+00:00,USD
DOCU,Y,599,0.7324245507812499,2.0,0.0,0.0,23.3,25.55,29.5,47.5,2025-01-17,0.05,2.31,0.2,0.0,0.0,3.0,487,0.8234880932617187,N,REGULAR,DOCU250117C00047500,2024-11-04 18:22:10+00:00,USD,REGULAR,DOCU250117P00047500,2024-10-17 17:07:42+00:00,USD
DOCU,Y,1129,0.6860382958984376,3.0,0.0,0.0,20.39,23.15,27.1,50.0,2025-01-17,0.15,0.41,0.3,-0.01999998,-6.2499943,5.0,3131,0.5288133056640626,N,REGULAR,DOCU250117C00050000,2024-10-30 19:03:01+00:00,USD,REGULAR,DOCU250117P00050000,2024-11-06 14:44:15+00:00,USD
DOCU,Y,1804,0.6337927246093751,22.0,0.0,0.0,19.05,20.7,24.7,52.5,2025-01-17,0.0,2.36,0.49,0.0,0.0,5.0,846,0.6777375976562501,N,REGULAR,DOCU250117C00052500,2024-11-05 20:43:25+00:00,USD,REGULAR,DOCU250117P00052500,2024-10-28 14:42:52+00:00,USD
DOCU,Y,3273,0.649417568359375,1.0,0.0,0.0,16.14,18.35,20.7,55.0,2025-01-17,0.0,0.84,0.6,0.0,0.0,10.0,2003,0.5498091894531252,N,REGULAR,DOCU250117C00055000,2024-11-04 20:51:20+00:00,USD,REGULAR,DOCU250117P00055000,2024-11-05 18:03:53+00:00,USD
DOCU,Y,647,0.5581098876953126,1.0,0.0,0.0,13.87,16.05,20.05,57.5,2025-01-17,0.52,2.68,0.95,0.0,0.0,20.0,1209,0.601810622558594,N,REGULAR,DOCU250117C00057500,2024-11-04 14:38:52+00:00,USD,REGULAR,DOCU250117P00057500,2024-11-01 15:48:41+00:00,USD
DOCU,Y,2331,0.5048877636718749,31.0,3.1099997,24.780874,15.66,14.7,16.6,60.0,2025-01-17,0.65,1.76,1.43,0.0,0.0,80.0,3010,0.5520064331054688,N,REGULAR,DOCU250117C00060000,2024-11-06 15:19:40+00:00,USD,REGULAR,DOCU250117P00060000,2024-10-31 18:09:31+00:00,USD
DOCU,Y,968,0.5925333715820313,1.0,0.0,0.0,10.2,11.95,14.55,62.5,2025-01-17,0.38,1.7,1.5,0.0,0.0,1.0,876,0.47510290527343746,N,REGULAR,DOCU250117C00062500,2024-11-05 15:28:41+00:00,USD,REGULAR,DOCU250117P00062500,2024-11-05 20:09:50+00:00,USD
DOCU,Y,1282,0.5105029418945313,1.0,1.7200003,18.105267,11.22,11.2,12.0,65.0,2025-01-17,1.4,1.51,2.05,0.0,0.0,11.0,1228,0.3857483300781249,N,REGULAR,DOCU250117C00065000,2024-11-06 14:30:03+00:00,USD,REGULAR,DOCU250117P00065000,2024-11-05 19:52:53+00:00,USD
DOCU,Y,345,0.4555718505859375,2.0,0.0,0.0,7.4,9.3,9.75,67.5,2025-01-17,1.76,2.07,2.78,0.0,0.0,6.0,258,0.372076591796875,N,REGULAR,DOCU250117C00067500,2024-11-05 16:38:19+00:00,USD,REGULAR,DOCU250117P00067500,2024-11-05 20:55:02+00:00,USD
DOCU,Y,2827,0.4370173486328125,23.0,1.21,18.361153,7.8,7.6,8.0,70.0,2025-01-17,2.58,2.97,2.73,-1.03,-27.393618,20.0,176,0.3737855590820312,N,REGULAR,DOCU250117C00070000,2024-11-06 15:10:24+00:00,USD,REGULAR,DOCU250117P00070000,2024-11-06 14:36:36+00:00,USD
DOCU,Y,836,0.41870698486328123,22.0,0.0,0.0,5.15,6.2,6.4,72.5,2025-01-17,3.4,3.7,5.7,0.0,0.0,2.0,155,0.3460758752441406,N,REGULAR,DOCU250117C00072500,2024-11-05 20:41:45+00:00,USD,REGULAR,DOCU250117P00072500,2024-11-01 14:08:19+00:00,USD
DOCU,N,2905,0.40320421020507813,9.0,0.6999998,17.948713,4.6,4.7,5.0,75.0,2025-01-17,4.55,4.8,7.25,0.0,0.0,2.0,51,0.33228206787109377,Y,REGULAR,DOCU250117C00075000,2024-11-06 14:42:28+00:00,USD,REGULAR,DOCU250117P00075000,2024-10-30 18:18:02+00:00,USD
DOCU,N,313,0.40064075927734377,34.0,0.0,0.0,3.1,3.65,3.95,77.5,2025-01-17,5.9,6.2,7.8,0.0,0.0,,7,0.32471378417968744,Y,REGULAR,DOCU250117C00077500,2024-11-05 20:34:54+00:00,USD,REGULAR,DOCU250117P00077500,2024-10-21 14:40:09+00:00,USD
DOCU,N,2677,0.39160764648437496,27.0,0.46000004,19.57447,2.81,2.82,2.99,80.0,2025-01-17,7.5,8.0,11.12,0.0,0.0,4.0,1,0.3325262060546875,Y,REGULAR,DOCU250117C00080000,2024-11-06 15:22:07+00:00,USD,REGULAR,DOCU250117P00080000,2024-10-28 14:23:53+00:00,USD
DOCU,N,2259,0.39111937011718745,3.0,0.25,17.857143,1.65,1.59,1.75,85.0,2025-01-17,11.05,12.15,13.05,0.0,0.0,2.0,2,0.3579165771484375,Y,REGULAR,DOCU250117C00085000,2024-11-05 20:59:13+00:00,USD,REGULAR,DOCU250117P00085000,2024-10-18 19:36:37+00:00,USD
DOCU,N,529,0.4426325268554688,1.0,-0.00999999,-1.1235944,0.88,0.82,1.42,90.0,2025-01-17,49.35,49.75,43.1,0.0,0.0,1.0,0,3.03906490234375,Y,REGULAR,DOCU250117C00090000,2024-11-05 20:40:52+00:00,USD,REGULAR,DOCU250117P00090000,2023-09-12 17:42:49+00:00,USD
DOCU,N,910,0.4279842358398438,1.0,0.0,0.0,0.56,0.0,0.75,95.0,2025-01-17,55.7,56.9,52.63,0.0,0.0,3.0,0,3.2783221166992185,Y,REGULAR,DOCU250117C00095000,2024-11-05 20:55:20+00:00,USD,REGULAR,DOCU250117P00095000,2023-09-29 13:37:47+00:00,USD
DOCU,N,11747,0.42676354492187507,104.0,-0.120000005,-25.531916,0.35,0.32,0.42,100.0,2025-01-17,0.0,0.0,39.0,0.0,0.0,2.0,0,1.0000000000000003e-05,Y,REGULAR,DOCU250117C00100000,2024-11-06 14:30:02+00:00,USD,REGULAR,DOCU250117P00100000,2024-09-30 13:33:38+00:00,USD
DOCU,Y,7,0.602787175292969,1.0,0.0,0.0,24.95,28.5,31.7,45.0,2025-03-21,0.0,1.13,0.31,0.0,0.0,1.0,8,0.5483443603515626,N,REGULAR,DOCU250321C00045000,2024-10-10 14:34:36+00:00,USD,REGULAR,DOCU250321P00045000,2024-10-17 16:22:39+00:00,USD
DOCU,Y,18,0.5983926879882813,1.0,3.0499992,13.585743,25.5,25.55,26.1,50.0,2025-03-21,0.0,0.71,0.63,0.0,0.0,2.0,41,0.477544287109375,N,REGULAR,DOCU250321C00050000,2024-10-22 19:59:29+00:00,USD,REGULAR,DOCU250321P00050000,2024-10-16 18:44:29+00:00,USD
DOCU,Y,7,1.0000000000000003e-05,2.0,0.0,0.0,13.4,16.8,18.8,52.5,2025-03-21,0.53,0.95,0.85,0.0,0.0,5.0,40,0.46582565429687506,N,REGULAR,DOCU250321C00052500,2024-09-26 15:59:02+00:00,USD,REGULAR,DOCU250321P00052500,2024-10-29 15:23:55+00:00,USD
DOCU,Y,81,0.538212625732422,1.0,0.0,0.0,18.84,20.95,21.65,55.0,2025-03-21,0.0,1.17,1.2,0.0,0.0,20.0,123,0.44482977050781247,N,REGULAR,DOCU250321C00055000,2024-10-21 19:40:07+00:00,USD,REGULAR,DOCU250321P00055000,2024-11-05 20:00:29+00:00,USD
DOCU,Y,323,0.5168505346679688,1.0,0.0,0.0,16.2,18.85,19.5,57.5,2025-03-21,1.01,1.52,1.73,0.0,0.0,1.0,102,0.43286699951171875,N,REGULAR,DOCU250321C00057500,2024-11-01 15:13:54+00:00,USD,REGULAR,DOCU250321P00057500,2024-10-22 14:30:23+00:00,USD
DOCU,Y,385,0.5051319018554687,10.0,0.0,0.0,13.04,16.9,17.55,60.0,2025-03-21,1.38,1.93,2.13,0.0,0.0,10.0,90,0.41968353759765625,N,REGULAR,DOCU250321C00060000,2024-10-31 18:16:00+00:00,USD,REGULAR,DOCU250321P00060000,2024-11-01 15:48:41+00:00,USD
DOCU,Y,154,0.5230760583496092,1.0,3.17,27.445887,14.72,15.05,16.5,62.5,2025-03-21,1.8,2.38,2.95,0.0,0.0,4.0,36,0.40296007202148443,N,REGULAR,DOCU250321C00062500,2024-11-06 14:59:30+00:00,USD,REGULAR,DOCU250321P00062500,2024-10-28 16:33:08+00:00,USD
DOCU,Y,316,0.48608912353515626,1.0,2.3000002,21.495329,13.0,13.25,13.65,65.0,2025-03-21,2.29,4.2,2.65,-1.3,-32.911392,14.0,132,0.47363807617187503,N,REGULAR,DOCU250321C00065000,2024-11-06 15:04:05+00:00,USD,REGULAR,DOCU250321P00065000,2024-11-06 14:51:53+00:00,USD
DOCU,Y,364,0.4633842724609375,1.0,0.0,0.0,8.4,11.15,11.8,67.5,2025-03-21,3.2,3.75,5.04,0.0,0.0,3.0,140,0.38269660278320305,N,REGULAR,DOCU250321C00067500,2024-11-01 13:52:11+00:00,USD,REGULAR,DOCU250321P00067500,2024-11-04 16:22:26+00:00,USD
DOCU,Y,378,0.45642633422851564,2.0,0.0,0.0,7.6,8.95,10.3,70.0,2025-03-21,4.0,4.6,5.35,0.0,0.0,20.0,97,0.3715883154296875,N,REGULAR,DOCU250321C00070000,2024-11-04 14:33:20+00:00,USD,REGULAR,DOCU250321P00070000,2024-11-05 18:26:24+00:00,USD
DOCU,Y,115,0.4371394177246094,21.0,0.0,0.0,7.65,8.15,8.7,72.5,2025-03-21,5.1,5.6,6.55,0.0,0.0,58.0,91,0.36133451171875,N,REGULAR,DOCU250321C00072500,2024-11-05 20:53:46+00:00,USD,REGULAR,DOCU250321P00072500,2024-10-24 18:09:47+00:00,USD
DOCU,N,395,0.4283504431152344,1.0,0.9299998,15.709456,6.85,6.95,7.4,75.0,2025-03-21,6.35,6.9,8.7,0.0,0.0,6.0,15,0.3597476135253906,Y,REGULAR,DOCU250321C00075000,2024-11-05 19:21:15+00:00,USD,REGULAR,DOCU250321P00075000,2024-10-28 18:00:49+00:00,USD
DOCU,N,321,0.4141904284667969,8.0,0.0,0.0,2.0,2.9,3.75,85.0,2025-03-21,12.4,13.45,15.0,0.0,0.0,3.0,3,0.35034829345703117,Y,REGULAR,DOCU250321C00085000,2024-11-04 16:01:32+00:00,USD,REGULAR,DOCU250321P00085000,2024-10-16 17:52:36+00:00,USD
DOCU,N,104,0.40320421020507813,31.0,0.0,0.0,1.3,1.81,2.49,90.0,2025-03-21,15.55,18.65,18.48,0.0,0.0,,5,0.43164630859375,Y,REGULAR,DOCU250321C00090000,2024-11-04 16:40:35+00:00,USD,REGULAR,DOCU250321P00090000,2024-10-17 15:57:23+00:00,USD
DOCU,Y,1,1.0000000000000003e-05,1.0,0.0,0.0,25.2,28.55,32.95,30.0,2025-06-20,0.0,0.63,0.7,0.0,0.0,2.0,2,0.632816171875,N,REGULAR,DOCU250620C00030000,2024-08-01 17:56:10+00:00,USD,REGULAR,DOCU250620P00030000,2024-11-01 19:56:46+00:00,USD
DOCU,Y,0,1.0000000000000003e-05,1.0,0.0,0.0,29.5,33.1,36.95,35.0,2025-06-20,0.0,2.33,0.28,0.0,0.0,2.0,11,0.7121610815429689,N,REGULAR,DOCU250620C00035000,2024-09-26 16:02:02+00:00,USD,REGULAR,DOCU250620P00035000,2024-10-18 19:55:16+00:00,USD
DOCU,Y,13,0.6245154736328126,1.0,0.0,0.0,30.25,33.9,37.25,40.0,2025-06-20,0.0,2.46,1.13,0.0,0.0,1.0,90,0.6135292553710938,N,REGULAR,DOCU250620C00040000,2024-10-11 16:41:38+00:00,USD,REGULAR,DOCU250620P00040000,2024-09-20 16:59:37+00:00,USD
DOCU,Y,4,0.5983926879882813,1.0,0.0,0.0,30.75,31.6,34.95,42.5,2025-06-20,0.0,2.63,0.59,0.0,0.0,1.0,13,0.5747112841796875,N,REGULAR,DOCU250620C00042500,2024-10-24 14:12:27+00:00,USD,REGULAR,DOCU250620P00042500,2024-10-18 19:04:33+00:00,USD
DOCU,Y,7,0.5682416223144531,2.0,0.0,0.0,25.6,29.2,32.7,45.0,2025-06-20,0.0,2.75,1.29,0.0,0.0,2.0,22,0.5340622766113281,N,REGULAR,DOCU250620C00045000,2024-10-09 16:32:49+00:00,USD,REGULAR,DOCU250620P00045000,2024-11-01 19:56:46+00:00,USD
DOCU,Y,107,0.5562788513183594,2.0,0.0,0.0,20.95,24.9,28.9,50.0,2025-06-20,0.0,3.05,1.1,0.0,0.0,4.0,63,0.5887492297363282,N,REGULAR,DOCU250620C00050000,2024-10-08 16:02:38+00:00,USD,REGULAR,DOCU250620P00050000,2024-10-30 17:31:30+00:00,USD
DOCU,Y,223,0.5336960693359375,2.0,0.0,0.0,20.51,22.75,26.75,52.5,2025-06-20,0.06,3.15,1.55,-0.18000007,-10.404629,10.0,159,0.5454147021484376,N,REGULAR,DOCU250620C00052500,2024-10-10 17:29:26+00:00,USD,REGULAR,DOCU250620P00052500,2024-10-31 19:45:41+00:00,USD
DOCU,Y,137,0.43164630859375,2.0,0.0,0.0,13.25,17.65,21.5,55.0,2025-06-20,1.35,3.35,2.0,0.0,0.0,1.0,37,0.509892596435547,N,REGULAR,DOCU250620C00055000,2024-10-03 16:28:24+00:00,USD,REGULAR,DOCU250620P00055000,2024-10-29 19:32:00+00:00,USD
DOCU,Y,50,0.6019326916503909,9.0,0.0,0.0,16.85,18.65,22.45,57.5,2025-06-20,0.69,4.15,2.85,0.0,0.0,1.0,402,0.5111132873535156,N,REGULAR,DOCU250620C00057500,2024-10-30 17:25:12+00:00,USD,REGULAR,DOCU250620P00057500,2024-10-30 13:37:11+00:00,USD
DOCU,Y,516,0.5776409423828125,2.0,0.0,0.0,16.2,16.65,20.5,60.0,2025-06-20,0.73,4.15,3.25,0.0,0.0,2.0,19,0.4612480633544922,N,REGULAR,DOCU250620C00060000,2024-11-05 17:39:06+00:00,USD,REGULAR,DOCU250620P00060000,2024-10-30 17:28:01+00:00,USD
DOCU,Y,6,0.47852083984375,1.0,0.0,0.0,13.47,16.35,17.15,62.5,2025-06-20,2.81,3.55,3.55,0.0,0.0,1.0,171,0.3794007373046875,N,REGULAR,DOCU250620C00062500,2024-10-23 18:59:48+00:00,USD,REGULAR,DOCU250620P00062500,2024-10-17 16:02:57+00:00,USD
DOCU,Y,148,0.4642387561035156,1.0,1.9200001,15.89404,14.0,14.85,15.4,65.0,2025-06-20,3.6,4.1,4.65,0.0,0.0,2.0,117,0.36151761535644533,N,REGULAR,DOCU250620C00065000,2024-11-06 14:30:01+00:00,USD,REGULAR,DOCU250620P00065000,2024-10-22 19:12:53+00:00,USD
DOCU,Y,58,0.5174608801269531,5.0,0.0,0.0,10.05,13.3,15.15,67.5,2025-06-20,4.25,5.0,5.5,0.0,0.0,1.0,21,0.3569400244140625,N,REGULAR,DOCU250620C00067500,2024-10-22 16:12:39+00:00,USD,REGULAR,DOCU250620P00067500,2024-11-01 15:09:13+00:00,USD
DOCU,Y,229,0.44183907775878906,1.0,0.0,0.0,10.55,11.7,12.25,70.0,2025-06-20,5.3,6.25,8.31,0.0,0.0,,10,0.36298244445800787,N,REGULAR,DOCU250620C00070000,2024-11-05 20:33:12+00:00,USD,REGULAR,DOCU250620P00070000,2024-10-09 16:14:29+00:00,USD
DOCU,Y,15,0.43720045227050786,8.0,0.0,0.0,7.2,10.2,10.95,72.5,2025-06-20,6.4,7.05,8.14,0.0,0.0,2.0,2,0.34326828613281246,N,REGULAR,DOCU250620C00072500,2024-10-29 13:31:48+00:00,USD,REGULAR,DOCU250620P00072500,2024-10-23 16:42:11+00:00,USD
DOCU,N,105,0.42639733764648446,2.0,1.0900002,13.97436,8.89,9.0,9.6,75.0,2025-06-20,7.65,8.25,8.7,0.0,0.0,11.0,15,0.3364324169921875,Y,REGULAR,DOCU250620C00075000,2024-11-06 14:36:05+00:00,USD,REGULAR,DOCU250620P00075000,2024-10-21 18:10:23+00:00,USD
DOCU,N,659,0.4058897302246094,4.0,1.29,24.571428,6.54,6.7,7.2,80.0,2025-06-20,12.4,13.05,21.95,0.0,0.0,,1,0.4107724938964844,Y,REGULAR,DOCU250620C00080000,2024-11-06 14:49:29+00:00,USD,REGULAR,DOCU250620P00080000,2024-09-23 14:33:23+00:00,USD
DOCU,Y,1,0.5195360546875,,0.0,0.0,19.05,22.9,24.25,55.0,2025-09-19,1.96,2.7,2.88,0.0,0.0,184.0,685,0.3930724755859375,N,REGULAR,DOCU250919C00055000,2024-10-10 14:37:47+00:00,USD,REGULAR,DOCU250919P00055000,2024-10-30 14:46:31+00:00,USD
DOCU,Y,3,0.5473067730712893,,0.0,0.0,16.5,20.7,23.25,57.5,2025-09-19,2.4,3.25,3.55,0.0,0.0,347.0,402,0.3846497082519531,N,REGULAR,DOCU250919C00057500,2024-10-08 18:17:58+00:00,USD,REGULAR,DOCU250919P00057500,2024-10-30 15:36:12+00:00,USD
DOCU,Y,1,0.2916330603027343,1.0,0.0,0.0,10.89,15.2,16.5,60.0,2025-09-19,2.95,3.75,4.35,0.0,0.0,2.0,157,0.370123486328125,N,REGULAR,DOCU250919C00060000,2024-09-27 19:36:55+00:00,USD,REGULAR,DOCU250919P00060000,2024-11-01 19:56:46+00:00,USD
DOCU,Y,116,0.5137377728271484,2.0,0.0,0.0,15.12,17.85,19.65,62.5,2025-09-19,3.65,4.55,4.62,0.0,0.0,,13,0.3667055517578125,N,REGULAR,DOCU250919C00062500,2024-11-04 19:40:59+00:00,USD,REGULAR,DOCU250919P00062500,2024-10-23 19:13:43+00:00,USD
DOCU,Y,3,0.4735160070800781,1.0,0.0,0.0,14.2,15.6,17.35,65.0,2025-09-19,4.4,5.45,5.82,0.0,0.0,2.0,5,0.36340968627929693,N,REGULAR,DOCU250919C00065000,2024-10-16 16:00:41+00:00,USD,REGULAR,DOCU250919P00065000,2024-11-04 14:35:47+00:00,USD
DOCU,Y,2,1.0000000000000003e-05,,0.0,0.0,19.55,19.45,19.9,27.5,2025-12-19,0.1,5.0,0.29,0.0,0.0,1.0,13,0.8457046679687499,N,REGULAR,DOCU251219C00027500,2023-10-13 19:04:30+00:00,USD,REGULAR,DOCU251219P00027500,2024-10-21 17:48:19+00:00,USD
DOCU,Y,4,1.0000000000000003e-05,1.0,0.0,0.0,23.65,29.5,33.85,30.0,2025-12-19,0.0,5.0,0.45,0.0,0.0,1.0,31,0.7760032165527344,N,REGULAR,DOCU251219C00030000,2024-02-21 20:21:35+00:00,USD,REGULAR,DOCU251219P00030000,2024-10-18 13:46:38+00:00,USD
DOCU,Y,20,1.0000000000000003e-05,10.0,0.0,0.0,20.55,27.35,29.3,35.0,2025-12-19,0.0,5.0,0.8,0.0,0.0,2.0,3124,0.6635775830078127,N,REGULAR,DOCU251219C00035000,2024-08-02 13:35:13+00:00,USD,REGULAR,DOCU251219P00035000,2024-11-01 19:50:34+00:00,USD
DOCU,Y,2,0.5916788879394532,1.0,0.0,0.0,28.65,34.0,39.0,37.5,2025-12-19,0.0,5.0,0.9,0.0,0.0,2.0,13,0.6137733935546876,N,REGULAR,DOCU251219C00037500,2024-10-03 16:13:36+00:00,USD,REGULAR,DOCU251219P00037500,2024-11-01 16:13:53+00:00,USD
DOCU,Y,23,0.5465133239746094,7.0,0.0,0.0,23.1,32.0,36.5,40.0,2025-12-19,0.0,2.46,1.0,0.0,0.0,1.0,143,0.5642133422851563,N,REGULAR,DOCU251219C00040000,2024-09-24 15:13:40+00:00,USD,REGULAR,DOCU251219P00040000,2024-10-15 18:39:06+00:00,USD
DOCU,Y,22,1.0000000000000003e-05,2.0,0.0,0.0,22.2,22.35,25.25,42.5,2025-12-19,0.0,1.78,1.4,0.0,0.0,1.0,52,0.46851117431640626,N,REGULAR,DOCU251219C00042500,2024-03-18 17:31:38+00:00,USD,REGULAR,DOCU251219P00042500,2024-11-05 16:17:53+00:00,USD
DOCU,Y,156,1.0000000000000003e-05,1.0,0.0,0.0,18.0,16.55,20.1,45.0,2025-12-19,1.21,2.34,1.61,0.0,0.0,1.0,218,0.4715629016113281,N,REGULAR,DOCU251219C00045000,2024-07-17 14:13:15+00:00,USD,REGULAR,DOCU251219P00045000,2024-10-28 14:07:19+00:00,USD
DOCU,Y,53,0.5676312768554688,1.0,0.0,0.0,25.99,30.55,32.2,47.5,2025-12-19,0.0,4.4,2.51,0.0,0.0,2.0,200,0.5560347131347658,N,REGULAR,DOCU251219C00047500,2024-10-28 19:57:14+00:00,USD,REGULAR,DOCU251219P00047500,2024-10-08 16:03:26+00:00,USD
DOCU,Y,78,0.5377243493652344,2.0,0.0,0.0,24.65,28.5,29.8,50.0,2025-12-19,1.73,2.83,2.47,0.0,0.0,7.0,193,0.42590906127929695,N,REGULAR,DOCU251219C00050000,2024-10-31 19:45:11+00:00,USD,REGULAR,DOCU251219P00050000,2024-11-01 16:19:17+00:00,USD
DOCU,Y,22,0.5285691674804689,2.0,0.0,0.0,22.9,26.6,28.1,52.5,2025-12-19,2.15,2.93,3.07,0.0,0.0,2.0,136,0.39453730468750003,N,REGULAR,DOCU251219C00052500,2024-10-25 16:01:40+00:00,USD,REGULAR,DOCU251219P00052500,2024-10-31 16:17:59+00:00,USD
DOCU,Y,543,0.5471236694335939,1.0,0.0,0.0,22.4,24.7,27.75,55.0,2025-12-19,2.61,3.45,3.53,0.0,0.0,20.0,263,0.3848938464355468,N,REGULAR,DOCU251219C00055000,2024-10-24 16:06:33+00:00,USD,REGULAR,DOCU251219P00055000,2024-11-01 17:09:13+00:00,USD
DOCU,Y,20,0.5152636364746093,2.0,0.0,0.0,19.5,22.8,25.25,57.5,2025-12-19,3.15,4.1,4.2,0.0,0.0,5.0,45,0.37854625366210937,N,REGULAR,DOCU251219C00057500,2024-10-23 18:17:39+00:00,USD,REGULAR,DOCU251219P00057500,2024-10-25 16:17:21+00:00,USD
DOCU,Y,73,0.530400203857422,24.0,0.0,0.0,18.75,21.1,23.0,60.0,2025-12-19,4.0,4.75,4.98,0.0,0.0,5.0,159,0.3690858990478516,N,REGULAR,DOCU251219C00060000,2024-11-01 14:40:35+00:00,USD,REGULAR,DOCU251219P00060000,2024-11-01 16:55:06+00:00,USD
DOCU,Y,78,0.5062305236816407,1.0,0.0,0.0,16.1,19.75,22.35,62.5,2025-12-19,4.75,5.25,6.19,0.0,0.0,356.0,342,0.35120277709960934,N,REGULAR,DOCU251219C00062500,2024-11-04 15:54:15+00:00,USD,REGULAR,DOCU251219P00062500,2024-10-22 19:28:07+00:00,USD
DOCU,Y,325,0.47400428344726564,15.0,0.0,0.0,14.65,18.1,18.9,65.0,2025-12-19,5.4,6.1,6.75,0.0,0.0,21.0,149,0.3446110461425781,N,REGULAR,DOCU251219C00065000,2024-10-31 14:02:40+00:00,USD,REGULAR,DOCU251219P00065000,2024-10-25 15:29:50+00:00,USD
DOCU,Y,24,0.473210834350586,1.0,0.0,0.0,15.78,16.5,17.65,67.5,2025-12-19,6.05,7.1,7.38,0.0,0.0,5.0,42,0.34039966247558595,N,REGULAR,DOCU251219C00067500,2024-10-17 18:03:37+00:00,USD,REGULAR,DOCU251219P00067500,2024-10-17 15:57:23+00:00,USD
DOCU,Y,195,0.5212450219726561,22.0,0.0,0.0,12.28,14.9,17.9,70.0,2025-12-19,7.25,8.35,8.4,0.0,0.0,15.0,58,0.3415593188476562,N,REGULAR,DOCU251219C00070000,2024-11-01 16:14:59+00:00,USD,REGULAR,DOCU251219P00070000,2024-10-21 18:33:04+00:00,USD
DOCU,Y,1,0.4845022253417969,10.0,0.0,0.0,12.08,13.35,15.75,72.5,2025-12-19,8.0,9.8,9.88,0.0,0.0,,1,0.3459538061523437,N,REGULAR,DOCU251219C00072500,2024-10-16 17:56:31+00:00,USD,REGULAR,DOCU251219P00072500,2024-10-16 15:47:31+00:00,USD
DOCU,N,372,0.471684970703125,1.0,0.0,0.0,10.58,12.4,14.35,75.0,2025-12-19,33.75,35.25,31.8,0.0,0.0,,3,1.150394873046875,Y,REGULAR,DOCU251219C00075000,2024-11-01 15:18:50+00:00,USD,REGULAR,DOCU251219P00075000,2023-09-15 17:17:37+00:00,USD
DOCU,N,194,0.4187680194091796,1.0,0.0,0.0,7.4,10.25,10.85,80.0,2025-12-19,12.0,13.4,14.55,0.0,0.0,,1,0.31726756958007807,Y,REGULAR,DOCU251219C00080000,2024-10-30 19:12:15+00:00,USD,REGULAR,DOCU251219P00080000,2024-10-28 14:10:16+00:00,USD
DOCU,N,106,0.47522497436523436,1.0,0.0,0.0,6.5,7.45,11.0,85.0,2025-12-19,26.55,30.95,33.92,0.0,0.0,,0,0.7003814141845703,Y,REGULAR,DOCU251219C00085000,2024-11-05 16:08:48+00:00,USD,REGULAR,DOCU251219P00085000,2024-06-14 18:15:19+00:00,USD
DOCU,Y,56,0.8586439916992188,1.0,0.0,0.0,53.0,53.0,58.0,20.0,2026-01-16,0.0,0.95,0.15,0.0,0.0,2.0,284,0.694338994140625,N,REGULAR,DOCU260116C00020000,2024-10-21 14:36:13+00:00,USD,REGULAR,DOCU260116P00020000,2024-10-18 18:59:50+00:00,USD
DOCU,Y,5,0.8605970971679688,1.0,0.0,0.0,49.5,51.0,56.0,22.5,2026-01-16,0.0,0.51,0.24,0.0,0.0,11.0,251,0.567387138671875,N,REGULAR,DOCU260116C00022500,2024-10-23 14:18:42+00:00,USD,REGULAR,DOCU260116P00022500,2024-10-30 18:51:45+00:00,USD
DOCU,Y,17,1.0000000000000003e-05,4.0,0.0,0.0,33.81,39.9,42.0,25.0,2026-01-16,0.0,0.69,0.52,0.0,0.0,6.0,73,0.5488326367187502,N,REGULAR,DOCU260116C00025000,2024-09-05 18:34:46+00:00,USD,REGULAR,DOCU260116P00025000,2024-09-24 13:52:57+00:00,USD
DOCU,Y,4,1.0000000000000003e-05,,0.0,0.0,21.8,19.35,19.75,27.5,2026-01-16,0.0,5.0,0.51,0.0,0.0,9.0,29,0.8129901513671874,N,REGULAR,DOCU260116C00027500,2023-09-21 16:26:57+00:00,USD,REGULAR,DOCU260116P00027500,2024-10-10 13:42:11+00:00,USD
DOCU,Y,34,0.7246121289062499,3.0,0.0,0.0,39.5,44.0,49.0,30.0,2026-01-16,0.2,5.0,0.83,0.0,0.0,1.0,42,0.7603783728027345,N,REGULAR,DOCU260116C00030000,2024-10-08 19:13:59+00:00,USD,REGULAR,DOCU260116P00030000,2024-10-10 16:24:07+00:00,USD
DOCU,Y,21,1.0000000000000003e-05,1.0,0.0,0.0,29.75,29.5,34.5,32.5,2026-01-16,0.0,5.0,0.75,0.0,0.0,9.0,193,0.6940948559570312,N,REGULAR,DOCU260116C00032500,2023-12-13 20:42:16+00:00,USD,REGULAR,DOCU260116P00032500,2024-10-08 15:40:47+00:00,USD
DOCU,Y,28,0.366217275390625,3.0,0.0,0.0,30.77,34.5,39.5,35.0,2026-01-16,0.0,5.0,0.75,0.0,0.0,9.0,42,0.6420934228515626,N,REGULAR,DOCU260116C00035000,2024-09-26 16:11:53+00:00,USD,REGULAR,DOCU260116P00035000,2024-10-18 14:10:45+00:00,USD
DOCU,Y,61,0.6123085644531252,1.0,0.0,0.0,28.05,34.5,39.5,37.5,2026-01-16,0.0,5.0,1.25,0.0,0.0,1.0,151,0.5938761315917969,N,REGULAR,DOCU260116C00037500,2024-10-02 17:11:45+00:00,USD,REGULAR,DOCU260116P00037500,2024-10-09 13:33:33+00:00,USD
DOCU,Y,67,0.6370885900878906,1.0,0.0,0.0,35.0,35.55,40.5,40.0,2026-01-16,0.0,4.8,1.35,0.0,0.0,1.0,150,0.5413864221191409,N,REGULAR,DOCU260116C00040000,2024-10-18 19:52:35+00:00,USD,REGULAR,DOCU260116P00040000,2024-10-09 13:58:13+00:00,USD
DOCU,Y,99,0.6052285571289064,1.0,0.0,0.0,29.41,33.55,38.0,42.5,2026-01-16,1.47,2.67,3.4,0.0,0.0,223.0,361,0.5185595019531251,N,REGULAR,DOCU260116C00042500,2024-10-14 13:30:13+00:00,USD,REGULAR,DOCU260116P00042500,2024-08-28 18:44:03+00:00,USD
DOCU,Y,66,1.0000000000000003e-05,22.0,0.0,0.0,17.55,27.4,28.7,45.0,2026-01-16,0.0,5.0,2.17,0.0,0.0,3.0,68,0.6158485681152344,N,REGULAR,DOCU260116C00045000,2024-09-12 16:09:46+00:00,USD,REGULAR,DOCU260116P00045000,2024-10-08 14:43:27+00:00,USD
DOCU,Y,27,0.555790574951172,3.0,0.0,0.0,26.51,29.05,33.95,47.5,2026-01-16,0.0,4.95,2.0,0.0,0.0,1.0,133,0.5671430004882813,N,REGULAR,DOCU260116C00047500,2024-10-10 13:30:01+00:00,USD,REGULAR,DOCU260116P00047500,2024-10-17 19:42:53+00:00,USD
DOCU,Y,264,0.5437057348632813,2.0,0.0,0.0,25.9,27.25,32.0,50.0,2026-01-16,2.2,5.0,2.72,0.0,0.0,7.0,204,0.5260057165527343,N,REGULAR,DOCU260116C00050000,2024-11-04 20:30:49+00:00,USD,REGULAR,DOCU260116P00050000,2024-11-01 16:19:17+00:00,USD
DOCU,Y,35,0.5228929547119141,1.0,0.0,0.0,23.85,25.25,29.95,52.5,2026-01-16,2.17,3.3,3.37,0.0,0.0,2.0,154,0.4009459320068359,N,REGULAR,DOCU260116C00052500,2024-11-01 14:08:37+00:00,USD,REGULAR,DOCU260116P00052500,2024-10-31 16:17:58+00:00,USD
DOCU,Y,162,0.5100146655273439,3.0,0.0,0.0,21.25,25.05,26.5,55.0,2026-01-16,2.79,3.6,3.83,0.0,0.0,20.0,793,0.3795228063964844,N,REGULAR,DOCU260116C00055000,2024-11-04 15:57:58+00:00,USD,REGULAR,DOCU260116P00055000,2024-11-01 17:09:13+00:00,USD
DOCU,Y,90,0.5257615783691407,1.0,0.0,0.0,19.73,23.2,26.2,57.5,2026-01-16,3.45,4.2,4.75,0.0,0.0,60.0,282,0.3706117626953125,N,REGULAR,DOCU260116C00057500,2024-11-04 17:01:54+00:00,USD,REGULAR,DOCU260116P00057500,2024-10-31 15:22:34+00:00,USD
DOCU,Y,138,0.5131274273681641,1.0,0.0,0.0,20.0,21.55,23.0,60.0,2026-01-16,4.2,4.95,5.25,0.0,0.0,5.0,407,0.3651796881103516,N,REGULAR,DOCU260116C00060000,2024-11-05 18:38:55+00:00,USD,REGULAR,DOCU260116P00060000,2024-11-01 16:55:06+00:00,USD
DOCU,Y,119,0.48053497985839844,4.0,0.0,0.0,17.75,19.85,20.8,62.5,2026-01-16,4.8,5.7,6.1,0.0,0.0,29.0,183,0.35681795532226557,N,REGULAR,DOCU260116C00062500,2024-10-24 18:31:51+00:00,USD,REGULAR,DOCU260116P00062500,2024-10-30 16:49:30+00:00,USD
DOCU,Y,356,0.4674125524902344,1.0,0.0,0.0,15.7,18.4,19.15,65.0,2026-01-16,5.75,6.5,6.94,0.0,0.0,1.0,14,0.3477238079833984,N,REGULAR,DOCU260116C00065000,2024-11-04 19:10:57+00:00,USD,REGULAR,DOCU260116P00065000,2024-10-29 17:12:08+00:00,USD
DOCU,Y,39,0.4594780615234375,7.0,0.0,0.0,14.27,16.65,17.7,67.5,2026-01-16,6.45,7.2,7.2,0.0,0.0,1.0,8,0.3327093096923829,N,REGULAR,DOCU260116C00067500,2024-11-04 20:32:32+00:00,USD,REGULAR,DOCU260116P00067500,2024-10-18 16:39:59+00:00,USD
DOCU,Y,124,0.4497125341796875,23.0,0.0,0.0,12.77,15.15,16.25,70.0,2026-01-16,7.3,8.5,9.36,0.0,0.0,3.0,79,0.3353337951660156,N,REGULAR,DOCU260116C00070000,2024-11-01 16:14:59+00:00,USD,REGULAR,DOCU260116P00070000,2024-10-30 17:31:00+00:00,USD
DOCU,N,644,0.4294490649414063,1.0,0.0,0.0,10.6,12.45,13.5,75.0,2026-01-16,9.6,10.95,12.18,0.0,0.0,8.0,19,0.3265448205566406,Y,REGULAR,DOCU260116C00075000,2024-10-23 14:06:48+00:00,USD,REGULAR,DOCU260116P00075000,2024-10-22 14:47:33+00:00,USD
DOCU,N,1418,0.41901215759277344,1.0,0.0,0.0,8.49,10.05,11.3,80.0,2026-01-16,23.1,24.2,23.15,0.0,0.0,1.0,5,0.6259192681884767,Y,REGULAR,DOCU260116C00080000,2024-11-04 18:07:21+00:00,USD,REGULAR,DOCU260116P00080000,2024-04-11 13:57:24+00:00,USD
DOCU,N,2440,0.39258419921875,1.0,0.0,0.0,5.67,7.05,7.45,90.0,2026-01-16,31.05,35.85,38.87,0.0,0.0,2.0,0,0.7113676324462892,Y,REGULAR,DOCU260116C00090000,2024-11-04 14:41:42+00:00,USD,REGULAR,DOCU260116P00090000,2024-06-13 16:52:21+00:00,USD
DOCU,N,3156,0.4545952978515625,21.0,0.0,0.0,5.1,5.1,8.2,95.0,2026-01-16,36.0,41.0,43.85,0.0,0.0,2.0,0,0.751833536376953,Y,REGULAR,DOCU260116C00095000,2024-11-05 20:29:36+00:00,USD,REGULAR,DOCU260116P00095000,2024-06-13 16:52:21+00:00,USD
DOCU,Y,1,0.4650932397460938,,0.0,0.0,28.6,40.0,45.0,30.0,2026-06-18,0.0,5.0,0.5,0.0,0.0,,5,0.6461217028808592,N,REGULAR,DOCU260618C00030000,2024-09-10 18:40:21+00:00,USD,REGULAR,DOCU260618P00030000,2024-09-23 16:33:51+00:00,USD
DOCU,Y,1,0.3391179370117187,,0.0,0.0,21.05,33.05,35.05,40.0,2026-06-18,0.0,2.74,1.61,0.0,0.0,1.0,7,0.48767602172851565,N,REGULAR,DOCU260618C00040000,2024-09-10 18:40:21+00:00,USD,REGULAR,DOCU260618P00040000,2024-11-05 18:41:39+00:00,USD
DOCU,Y,2,1.0000000000000003e-05,,0.0,0.0,18.2,17.65,19.4,47.5,2026-06-18,4.65,6.15,6.95,0.0,0.0,,52,0.5083056982421875,N,REGULAR,DOCU260618C00047500,2024-08-22 19:20:43+00:00,USD,REGULAR,DOCU260618P00047500,2024-08-12 19:42:01+00:00,USD
DOCU,Y,10,1.0000000000000003e-05,10.0,0.0,0.0,17.55,17.95,19.0,50.0,2026-06-18,5.55,7.2,8.0,0.0,0.0,,35,0.5101977691650392,N,REGULAR,DOCU260618C00050000,2024-08-26 13:50:08+00:00,USD,REGULAR,DOCU260618P00050000,2024-08-12 19:42:40+00:00,USD
DOCU,Y,3,1.0000000000000003e-05,1.0,0.0,0.0,15.9,14.75,15.8,52.5,2026-06-18,5.85,7.1,7.35,0.0,0.0,5.0,29,0.4993946545410156,N,REGULAR,DOCU260618C00052500,2024-08-23 19:11:00+00:00,USD,REGULAR,DOCU260618P00052500,2024-08-20 16:39:19+00:00,USD
DOCU,Y,146,0.5128832891845703,1.0,2.8999996,12.033194,27.0,26.8,27.8,55.0,2026-06-18,7.35,8.25,8.4,0.0,0.0,,7,0.5026905200195313,N,REGULAR,DOCU260618C00055000,2024-11-06 14:33:46+00:00,USD,REGULAR,DOCU260618P00055000,2024-08-20 19:59:37+00:00,USD
DOCU,Y,14,0.500005,2.0,0.0,0.0,19.5,23.2,26.35,60.0,2026-06-18,4.85,7.8,6.79,0.0,0.0,,3,0.4107724938964844,N,REGULAR,DOCU260618C00060000,2024-10-11 13:44:34+00:00,USD,REGULAR,DOCU260618P00060000,2024-10-10 19:46:51+00:00,USD
DOCU,Y,2,0.42139250488281255,1.0,0.0,0.0,13.2,18.75,21.05,62.5,2026-06-18,5.55,7.0,7.66,0.0,0.0,1.0,3,0.3490055334472656,N,REGULAR,DOCU260618C00062500,2024-10-02 17:56:22+00:00,USD,REGULAR,DOCU260618P00062500,2024-10-11 19:45:08+00:00,USD
DOCU,N,12,0.43671217590332034,1.0,0.0,0.0,11.18,12.25,14.15,80.0,2026-06-18,21.5,26.5,24.65,0.0,0.0,,0,0.5482833258056643,Y,REGULAR,DOCU260618C00080000,2024-11-01 15:06:59+00:00,USD,REGULAR,DOCU260618P00080000,2024-07-17 18:41:19+00:00,USD
DOCU,Y,1,1.0000000000000003e-05,,0.0,0.0,31.85,31.55,36.45,32.5,2026-12-18,0.0,5.0,1.3,0.0,0.0,1.0,5,0.5218553674316406,N,REGULAR,DOCU261218C00032500,2024-08-29 19:16:59+00:00,USD,REGULAR,DOCU261218P00032500,2024-10-08 19:50:03+00:00,USD
DOCU,Y,1,1.0000000000000003e-05,1.0,0.0,0.0,23.84,28.55,30.85,35.0,2026-12-18,0.0,2.83,1.29,0.0,0.0,4.0,13,0.5034229345703125,N,REGULAR,DOCU261218C00035000,2024-08-09 13:31:52+00:00,USD,REGULAR,DOCU261218P00035000,2024-10-16 18:02:43+00:00,USD
DOCU,Y,14,0.5892375061035158,2.0,0.0,0.0,35.4,39.3,41.45,40.0,2026-12-18,1.61,3.05,2.26,0.0,0.0,3.0,29,0.4426325268554688,N,REGULAR,DOCU261218C00040000,2024-10-14 13:44:40+00:00,USD,REGULAR,DOCU261218P00040000,2024-10-22 17:12:26+00:00,USD
DOCU,Y,26,0.5694012786865235,2.0,0.0,0.0,30.95,35.5,38.35,45.0,2026-12-18,2.29,3.1,3.2,0.0,0.0,2.0,21,0.3800110827636719,N,REGULAR,DOCU261218C00045000,2024-10-15 13:52:13+00:00,USD,REGULAR,DOCU261218P00045000,2024-10-23 14:32:14+00:00,USD
DOCU,Y,3,1.0000000000000003e-05,3.0,0.0,0.0,20.35,19.2,20.5,47.5,2026-12-18,2.24,4.45,6.63,0.0,0.0,1.0,1,0.40656111022949215,N,REGULAR,DOCU261218C00047500,2024-08-23 17:32:49+00:00,USD,REGULAR,DOCU261218P00047500,2024-09-09 19:51:54+00:00,USD
DOCU,Y,10,0.51562984375,1.0,0.0,0.0,29.1,31.8,33.45,50.0,2026-12-18,2.66,4.45,4.0,0.0,0.0,2.0,32,0.37476211181640623,N,REGULAR,DOCU261218C00050000,2024-10-23 15:53:20+00:00,USD,REGULAR,DOCU261218P00050000,2024-10-18 14:52:42+00:00,USD
DOCU,Y,1,0.5515791912841796,1.0,0.0,0.0,25.77,28.9,32.35,52.5,2026-12-18,5.85,8.2,7.82,0.0,0.0,2.0,11,0.4731497998046875,N,REGULAR,DOCU261218C00052500,2024-10-10 13:30:01+00:00,USD,REGULAR,DOCU261218P00052500,2024-08-26 19:15:36+00:00,USD
DOCU,Y,17,0.5125170819091796,1.0,0.0,0.0,26.5,28.5,29.85,55.0,2026-12-18,5.65,7.6,10.15,0.0,0.0,5.0,22,0.4185849157714844,N,REGULAR,DOCU261218C00055000,2024-11-01 18:50:30+00:00,USD,REGULAR,DOCU261218P00055000,2024-09-10 19:58:38+00:00,USD
DOCU,Y,2,0.49597671997070314,1.0,0.0,0.0,14.5,23.7,28.05,57.5,2026-12-18,6.25,7.4,11.0,0.0,0.0,15.0,21,0.3792176336669921,N,REGULAR,DOCU261218C00057500,2024-09-20 16:26:01+00:00,USD,REGULAR,DOCU261218P00057500,2024-09-09 17:59:42+00:00,USD
DOCU,Y,6,0.5108081146240235,1.0,0.0,0.0,21.6,24.65,27.35,60.0,2026-12-18,6.3,8.8,9.66,0.0,0.0,1.0,16,0.3878235046386719,N,REGULAR,DOCU261218C00060000,2024-10-25 19:48:27+00:00,USD,REGULAR,DOCU261218P00060000,2024-10-02 16:42:02+00:00,USD
DOCU,Y,5,0.6530796411132813,3.0,0.0,0.0,41.5,46.05,50.45,30.0,2027-01-15,0.0,0.0,1.55,0.0,0.0,1.0,2,0.12500875,N,REGULAR,DOCU270115C00030000,2024-10-08 19:13:59+00:00,USD,REGULAR,DOCU270115P00030000,2024-09-30 13:30:02+00:00,USD
DOCU,Y,2,0.49005636901855476,,0.0,0.0,23.12,35.3,36.75,42.5,2027-01-15,2.56,3.5,3.82,0.0,0.0,,20,0.42358974853515624,N,REGULAR,DOCU270115C00042500,2024-09-19 19:18:37+00:00,USD,REGULAR,DOCU270115P00042500,2024-09-30 19:31:54+00:00,USD
DOCU,Y,4,0.5415084912109377,3.0,0.0,0.0,28.81,32.0,35.3,50.0,2027-01-15,3.45,4.6,4.19,0.0,0.0,2.0,13,0.3737855590820312,N,REGULAR,DOCU270115C00050000,2024-10-16 14:28:36+00:00,USD,REGULAR,DOCU270115P00050000,2024-10-29 14:42:07+00:00,USD
DOCU,Y,4,0.5019581054687501,1.0,0.0,0.0,22.85,27.25,28.55,57.5,2027-01-15,5.75,6.7,10.75,0.0,0.0,,25,0.35144691528320304,N,REGULAR,DOCU270115C00057500,2024-10-25 19:43:54+00:00,USD,REGULAR,DOCU270115P00057500,2024-09-17 16:23:07+00:00,USD
DOCU,Y,9,0.5010731045532227,1.0,0.0,0.0,22.56,25.7,28.95,60.0,2027-01-15,6.25,7.1,6.9,0.0,0.0,2.0,30,0.3325262060546875,N,REGULAR,DOCU270115C00060000,2024-10-31 15:09:55+00:00,USD,REGULAR,DOCU270115P00060000,2024-10-18 14:52:42+00:00,USD
DOCU,Y,3,0.5329636547851562,3.0,0.0,0.0,20.4,24.15,27.35,62.5,2027-01-15,8.05,10.15,10.25,0.0,0.0,5.0,15,0.38532108825683586,N,REGULAR,DOCU270115C00062500,2024-10-09 14:18:30+00:00,USD,REGULAR,DOCU270115P00062500,2024-10-04 14:37:09+00:00,USD
DOCU,Y,10,0.49707534179687507,10.0,0.0,0.0,21.0,22.55,24.95,65.0,2027-01-15,8.9,10.4,11.47,0.0,0.0,1.0,1,0.35880157806396484,N,REGULAR,DOCU270115C00065000,2024-10-22 13:36:25+00:00,USD,REGULAR,DOCU270115P00065000,2024-10-04 14:40:39+00:00,USD
DOCU,Y,3,0.4762015270996094,1.0,0.0,0.0,18.67,21.05,23.1,67.5,2027-01-15,9.25,10.05,10.1,0.0,0.0,1.0,20,0.3173286041259765,N,REGULAR,DOCU270115C00067500,2024-10-31 17:17:42+00:00,USD,REGULAR,DOCU270115P00067500,2024-11-05 19:15:39+00:00,USD
DOCU,Y,19,0.45770805969238293,3.0,0.0,0.0,17.7,19.8,21.35,70.0,2027-01-15,9.55,11.25,11.83,0.0,0.0,5.0,15,0.3144294631958008,N,REGULAR,DOCU270115C00070000,2024-10-30 16:40:40+00:00,USD,REGULAR,DOCU270115P00070000,2024-10-25 16:12:51+00:00,USD
DOCU,Y,18,0.4718070397949219,,0.0,0.0,15.6,18.55,20.95,72.5,2027-01-15,10.85,12.65,13.0,0.0,0.0,1.0,7,0.31461256683349603,N,REGULAR,DOCU270115C00072500,2024-10-09 19:40:55+00:00,USD,REGULAR,DOCU270115P00072500,2024-11-01 14:09:42+00:00,USD
DOCU,N,4,0.41937836486816404,,0.0,0.0,10.9,13.05,14.5,85.0,2027-01-15,16.7,19.9,20.8,0.0,0.0,1.0,1,0.2979501358032226,Y,REGULAR,DOCU270115C00085000,2024-10-10 19:44:52+00:00,USD,REGULAR,DOCU270115P00085000,2024-11-01 13:53:57+00:00,USD
